newsletter_name,author_name,email,score,priority,outreach_email
AI Weekly,Emma Rodriguez,emma@aiweekly.co,100,High,"Subject: Acquisition interest in AI Weekly

Hey Emma,

I'll be direct: AI Weekly is exactly the kind of asset we look for at OffPattern Labs.

AI/Tech newsletters with 45,000+ subscribers are trading at 3-5x annual revenue right now. If you're monetized at even $5k/month, that's a $$135,000 asset.

We're acquiring/operating 5-10 newsletters this quarter. Yours fits the profile perfectly.

Open to a 15-min exploratory call? No pitch — just seeing if there's mutual fit.

Best,
Joshil
Founder, OffPattern Labs
joshil@offpatternlabs.com
offpatternlabs.com

P.S. Completely confidential. I won't share this conversation with anyone."
VC Insights,Robert Chang,robert@vcinsights.vc,100,High,"Subject: Quick question about VC Insights

Hey Robert,

Been following VC Insights for a while — really loved your piece on [specific article - research this].

Noticed you haven't posted in 140 days. Totally get it — running a newsletter is a grind.

I run OffPattern Labs. We revive dormant newsletters like yours (42,000 subs in Finance), monetize them, and split the revenue. You keep ownership. Zero upfront cost.

Based on your list size and niche, you're probably sitting on a $$126,000 asset. If you're even 1% curious, I can send over a free valuation.

Worth a chat?

— Joshil
joshil@offpatternlabs.com
offpatternlabs.com

P.S. No pressure. Even if you're not interested, knowing what you're sitting on is power."
TechCrunch Weekly,Mike Johnson,mike@techcrunchweekly.com,95,High,"Subject: Acquisition interest in TechCrunch Weekly

Hey Mike,

I'll be direct: TechCrunch Weekly is exactly the kind of asset we look for at OffPattern Labs.

Tech newsletters with 25,000+ subscribers are trading at 3-5x annual revenue right now. If you're monetized at even $5k/month, that's a $$75,000 asset.

We're acquiring/operating 5-10 newsletters this quarter. Yours fits the profile perfectly.

Open to a 15-min exploratory call? No pitch — just seeing if there's mutual fit.

Best,
Joshil
Founder, OffPattern Labs
joshil@offpatternlabs.com
offpatternlabs.com

P.S. Completely confidential. I won't share this conversation with anyone."
Finance Insider,David Park,david@financeinsider.com,95,High,"Subject: Finance Insider is leaving money on the table

Hey David,

Finance Insider is 🔥. With 32,000 subscribers in Finance, you're probably leaving $5k-15k/month on the table.

Not because your content isn't great — it is. But because monetization is a full-time job.

That's what we do at OffPattern Labs. We handle:
- Sponsorship sales (we have the relationships)
- Affiliate deals (we negotiate better rates)
- Product launches (we've done this before)

You keep writing. We handle the rest. Revenue share: 40-60% to you.

Open to a 15-min chat to see what's possible?

Best,
Joshil
joshil@offpatternlabs.com

P.S. If you're happy with where things are, no worries at all. Just figured I'd ask."
E-commerce Growth,Tom Anderson,tom@ecomgrowth.io,95,High,"Subject: Quick question about E-commerce Growth

Hey Tom,

Been following E-commerce Growth for a while — really loved your piece on [specific article - research this].

Noticed you haven't posted in 110 days. Totally get it — running a newsletter is a grind.

I run OffPattern Labs. We revive dormant newsletters like yours (28,000 subs in Business), monetize them, and split the revenue. You keep ownership. Zero upfront cost.

Based on your list size and niche, you're probably sitting on a $$84,000 asset. If you're even 1% curious, I can send over a free valuation.

Worth a chat?

— Joshil
joshil@offpatternlabs.com
offpatternlabs.com

P.S. No pressure. Even if you're not interested, knowing what you're sitting on is power."
Data Science Daily,Priya Sharma,priya@datasciencedaily.co,95,High,"Subject: Data Science Daily is leaving money on the table

Hey Priya,

Data Science Daily is 🔥. With 35,000 subscribers in Tech, you're probably leaving $5k-15k/month on the table.

Not because your content isn't great — it is. But because monetization is a full-time job.

That's what we do at OffPattern Labs. We handle:
- Sponsorship sales (we have the relationships)
- Affiliate deals (we negotiate better rates)
- Product launches (we've done this before)

You keep writing. We handle the rest. Revenue share: 40-60% to you.

Open to a 15-min chat to see what's possible?

Best,
Joshil
joshil@offpatternlabs.com

P.S. If you're happy with where things are, no worries at all. Just figured I'd ask."
Startup Digest,Sarah Chen,sarah@startupdigest.co,90,High,"Subject: Startup Digest is leaving money on the table

Hey Sarah,

Startup Digest is 🔥. With 18,000 subscribers in Business, you're probably leaving $5k-15k/month on the table.

Not because your content isn't great — it is. But because monetization is a full-time job.

That's what we do at OffPattern Labs. We handle:
- Sponsorship sales (we have the relationships)
- Affiliate deals (we negotiate better rates)
- Product launches (we've done this before)

You keep writing. We handle the rest. Revenue share: 40-60% to you.

Open to a 15-min chat to see what's possible?

Best,
Joshil
joshil@offpatternlabs.com

P.S. If you're happy with where things are, no worries at all. Just figured I'd ask."
Crypto Insights,James Miller,james@cryptoinsights.io,90,High,"Subject: Quick question about Crypto Insights

Hey James,

Been following Crypto Insights for a while — really loved your piece on [specific article - research this].

Noticed you haven't posted in 200 days. Totally get it — running a newsletter is a grind.

I run OffPattern Labs. We revive dormant newsletters like yours (38,000 subs in Finance), monetize them, and split the revenue. You keep ownership. Zero upfront cost.

Based on your list size and niche, you're probably sitting on a $$114,000 asset. If you're even 1% curious, I can send over a free valuation.

Worth a chat?

— Joshil
joshil@offpatternlabs.com
offpatternlabs.com

P.S. No pressure. Even if you're not interested, knowing what you're sitting on is power."
Product Hunt Daily,Rachel Kim,rachel@phdaily.co,90,High,"Subject: Quick question about Product Hunt Daily

Hey Rachel,

Been following Product Hunt Daily for a while — really loved your piece on [specific article - research this].

Noticed you haven't posted in 75 days. Totally get it — running a newsletter is a grind.

I run OffPattern Labs. We revive dormant newsletters like yours (15,000 subs in Tech), monetize them, and split the revenue. You keep ownership. Zero upfront cost.

Based on your list size and niche, you're probably sitting on a $$45,000 asset. If you're even 1% curious, I can send over a free valuation.

Worth a chat?

— Joshil
joshil@offpatternlabs.com
offpatternlabs.com

P.S. No pressure. Even if you're not interested, knowing what you're sitting on is power."
Indie Hacker,Chris Evans,chris@indiehacker.io,90,High,"Subject: Indie Hacker is leaving money on the table

Hey Chris,

Indie Hacker is 🔥. With 16,000 subscribers in Business, you're probably leaving $5k-15k/month on the table.

Not because your content isn't great — it is. But because monetization is a full-time job.

That's what we do at OffPattern Labs. We handle:
- Sponsorship sales (we have the relationships)
- Affiliate deals (we negotiate better rates)
- Product launches (we've done this before)

You keep writing. We handle the rest. Revenue share: 40-60% to you.

Open to a 15-min chat to see what's possible?

Best,
Joshil
joshil@offpatternlabs.com

P.S. If you're happy with where things are, no worries at all. Just figured I'd ask."
Remote Work Hub,Kevin OBrien,kevin@remotehub.io,90,High,"Subject: Acquisition interest in Remote Work Hub

Hey Kevin,

I'll be direct: Remote Work Hub is exactly the kind of asset we look for at OffPattern Labs.

Business newsletters with 21,000+ subscribers are trading at 3-5x annual revenue right now. If you're monetized at even $5k/month, that's a $$63,000 asset.

We're acquiring/operating 5-10 newsletters this quarter. Yours fits the profile perfectly.

Open to a 15-min exploratory call? No pitch — just seeing if there's mutual fit.

Best,
Joshil
Founder, OffPattern Labs
joshil@offpatternlabs.com
offpatternlabs.com

P.S. Completely confidential. I won't share this conversation with anyone."
Health Tech,Dr. Amanda Lee,amanda@healthtech.co,90,High,"Subject: Acquisition interest in Health Tech

Hey Dr.,

I'll be direct: Health Tech is exactly the kind of asset we look for at OffPattern Labs.

Tech newsletters with 24,000+ subscribers are trading at 3-5x annual revenue right now. If you're monetized at even $5k/month, that's a $$72,000 asset.

We're acquiring/operating 5-10 newsletters this quarter. Yours fits the profile perfectly.

Open to a 15-min exploratory call? No pitch — just seeing if there's mutual fit.

Best,
Joshil
Founder, OffPattern Labs
joshil@offpatternlabs.com
offpatternlabs.com

P.S. Completely confidential. I won't share this conversation with anyone."
SaaS Growth,Alex Thompson,alex@saasgrowth.io,85,High,"Subject: SaaS Growth is leaving money on the table

Hey Alex,

SaaS Growth is 🔥. With 12,000 subscribers in Business, you're probably leaving $5k-15k/month on the table.

Not because your content isn't great — it is. But because monetization is a full-time job.

That's what we do at OffPattern Labs. We handle:
- Sponsorship sales (we have the relationships)
- Affiliate deals (we negotiate better rates)
- Product launches (we've done this before)

You keep writing. We handle the rest. Revenue share: 40-60% to you.

Open to a 15-min chat to see what's possible?

Best,
Joshil
joshil@offpatternlabs.com

P.S. If you're happy with where things are, no worries at all. Just figured I'd ask."
Marketing Pro,Lisa Wang,lisa@marketingpro.co,85,High,"Subject: Acquisition interest in Marketing Pro

Hey Lisa,

I'll be direct: Marketing Pro is exactly the kind of asset we look for at OffPattern Labs.

Marketing newsletters with 22,000+ subscribers are trading at 3-5x annual revenue right now. If you're monetized at even $5k/month, that's a $$66,000 asset.

We're acquiring/operating 5-10 newsletters this quarter. Yours fits the profile perfectly.

Open to a 15-min exploratory call? No pitch — just seeing if there's mutual fit.

Best,
Joshil
Founder, OffPattern Labs
joshil@offpatternlabs.com
offpatternlabs.com

P.S. Completely confidential. I won't share this conversation with anyone."
Design Weekly,Nina Patel,nina@designweekly.co,80,High,"Subject: Design Weekly is leaving money on the table

Hey Nina,

Design Weekly is 🔥. With 19,000 subscribers in Design, you're probably leaving $5k-15k/month on the table.

Not because your content isn't great — it is. But because monetization is a full-time job.

That's what we do at OffPattern Labs. We handle:
- Sponsorship sales (we have the relationships)
- Affiliate deals (we negotiate better rates)
- Product launches (we've done this before)

You keep writing. We handle the rest. Revenue share: 40-60% to you.

Open to a 15-min chat to see what's possible?

Best,
Joshil
joshil@offpatternlabs.com

P.S. If you're happy with where things are, no worries at all. Just figured I'd ask."
